,ticker,return_total,winrate,avg_return,trade_total,last_openposition_price
0,1314,-0.03161468989085259,0.3333333333333333,-0.010742639943599993,3,10.050000190734863
1,2618,0.2187250161796599,0.5,0.1261160501411983,2,32.0
2,2515,0.35555569618648186,0.75,0.04807150562533938,5,11.899999618530273
3,2501,0.053008195455452434,0.5,-0.006581438392041283,3,17.0
4,2363,0.16154649343722793,0.5,0.03586387887921009,6,52.0
5,2891,-0.00830430199297949,0.5,-0.0009516403525345885,4,26.799999237060547
6,2609,-0.3198047082683918,0.5,-0.09081674759186342,5,45.150001525878906
7,2317,-0.020540288713203125,0.0,-0.02336448598130836,2,104.5
8,3481,-0.06722290559174293,0.25,-0.032676870753203024,5,13.449999809265137
9,2888,-0.05919771364240223,0.0,-0.01599390008322088,4,9.09000015258789
10,2880,0.043752089568276364,1.0,0.04428898936135206,1,21.450000762939453
11,2371,0.3424415256392641,0.75,0.0874109751488499,4,42.0
12,1316,0.09443544933713954,0.6666666666666666,0.031115812158324558,3,11.350000381469727
13,2610,0.07508090653345745,0.3333333333333333,0.032069476969564005,4,21.899999618530273
14,2409,-0.1963695433143956,0.0,-0.05270491911287986,5,18.0
15,2303,0.0707429881899484,1.0,0.04320209268254904,3,53.5
16,1609,-0.1413969778776516,0.4,-0.027552450569056842,5,34.20000076293945
17,8096,0.15456803731585977,0.4,0.03224044162393762,5,11.75
18,2883,0.025351647088927454,1.0,0.02459017995287449,1,12.199999809265137
19,2330,0.06947684954024491,0.5,0.035485337576721954,2,581.0
20,6177,0.047963564476880105,0.4,0.010497824321992755,5,32.54999923706055
21,2882,0.02190572400082802,0.6666666666666666,0.006137334298213208,3,46.150001525878906
22,2486,0.41855149297131056,0.75,0.12462162954536063,5,46.79999923706055
23,6125,0.023741029421326054,0.3333333333333333,0.006731859709712018,3,61.29999923706055
24,3715,1.0441619032427156,1.0,0.2298529720950932,4,36.900001525878906
25,2611,0.059402291455556755,0.4,0.009211143262381639,5,16.149999618530273
26,2603,-0.20308671432029024,0.25,-0.07873019294326661,5,129.0
27,2101,0.010575529569087694,0.0,-0.013302492292017742,5,39.45000076293945
28,3363,0.2859382377419224,1.0,0.2865731355997503,1,24.307796478271484
29,2887,-0.02449803087667224,0.3333333333333333,-0.00805459727470903,3,18.299999237060547
30,5009,-0.019110712994207968,0.5,-0.008974259430383047,2,51.5
31,4526,0.021899936984558277,0.4,0.004341845750768414,5,19.399999618530273
32,2537,0.021075529111330482,0.4,0.0054762518857741195,5,8.640000343322754
33,2323,0.4122222891458831,0.6666666666666666,0.16796736570903859,4,11.449999809265137
34,9945,-0.09066784172510745,0.0,-0.03130767633552781,3,36.70000076293945
35,5531,0.24694082467049205,0.6,0.05137449210684528,5,11.100000381469727
36,5371,-0.048795492840021715,0.3333333333333333,-0.01779379369745578,3,84.19999694824219
37,2009,-0.07467359132750584,0.0,-0.07318286803012092,3,30.350000381469727
38,2913,-0.06426005122822465,0.0,-0.03296472907372113,4,21.5
39,2884,0.010097176718752321,0.6666666666666666,0.003149551691438157,3,25.149999618530273
40,2520,0.02003074716211417,0.5,0.0028076558960730136,6,37.70000076293945
41,2834,-0.025759476403713788,0.25,-0.006597999974545049,4,13.5
42,2449,0.09516396216576872,0.5,0.02049227444794462,6,93.5
43,2401,0.07072310088145684,0.6,0.019561989713508955,5,32.5
44,3013,-0.20841166527043653,0.0,-0.07761565721460484,3,48.70000076293945
45,2359,-0.217326512771149,0.4,-0.04446771823488702,5,41.099998474121094
46,8996,0.0,0.0,0.0,0,0.0
47,2002,-0.015196553045039085,0.0,-0.015503861641813277,1,25.799999237060547
48,3231,0.19916782970340963,1.0,0.0989239063557984,3,98.5999984741211
49,1605,-0.089166224323182,0.0,-0.04581596483792494,2,38.099998474121094
50,4915,0.040447545387753525,0.75,0.001713163740656859,5,65.69999694824219
51,2316,0.4013295067622591,0.6666666666666666,0.15384669840417572,3,38.849998474121094
52,2615,-0.049007737644427785,0.3333333333333333,-0.014350546050196663,3,48.650001525878906
53,6770,-0.026495490095779117,0.5,-0.012766879978603207,2,28.700000762939453
54,2801,0.02851568795912618,0.5,0.007091899318091899,4,18.0
55,2890,-0.05100679326827884,0.25,-0.012055720890732369,4,18.25
56,3017,0.1466921732891493,0.6666666666666666,0.03509154131560773,4,324.5
57,1440,0.0014782906947332641,0.5,0.0008732194852134612,2,16.600000381469727
58,1513,0.15840707744385574,0.5,0.03860812105837741,4,106.5
59,1503,0.40038470070069554,1.0,0.11363484550995444,3,106.5
60,2353,0.13215852501869496,0.25,-0.03292840516745005,5,40.70000076293945
61,3033,0.060415448143954054,0.5,0.014835106501668638,4,28.649999618530273
62,5512,0.1713885729411473,0.6666666666666666,0.05408638985879007,3,9.579999923706055
63,2504,-0.015419512057775697,0.5,-0.019741103484731126,3,27.450000762939453
64,2886,-0.024952395732779187,0.5,-0.005797998247603575,4,39.724918365478516
65,6235,0.0,0.0,0.0,0,0.0
66,2367,-0.08852775401945312,0.25,-0.02538248451847222,4,20.200000762939453
67,2867,-0.03950491649181709,0.0,-0.020086008404295586,2,5.159999847412109
68,1101,-0.08604747462509454,0.0,-0.02949073575842635,3,34.5
69,3312,0.3484502217037573,1.0,0.07970984543318987,4,19.0
70,3163,-0.06580920553383762,0.25,-0.01816987495942346,4,94.30000305175781
71,6278,-0.039504884202646307,0.0,-0.02188560927301164,2,94.4000015258789
72,5457,-0.07905938547922542,0.5,-0.02851978841775543,5,57.5
73,2382,0.14257196319108933,1.0,0.06831402954758303,2,101.5
74,6274,0.04702721534786747,0.6666666666666666,0.013807468609585741,3,139.0
75,8936,0.8033271849084667,1.0,0.1726996325089326,4,37.849998474121094
76,5347,-0.028694800802659848,0.3333333333333333,-0.01220001650081052,3,78.0
77,6190,-0.19380077379348226,0.2,-0.04268010241708335,5,31.299999237060547
78,3376,-0.006188175906036708,0.5,0.020284542962646063,5,133.5
79,2881,0.006561888765467927,0.6,0.0009628987030168235,5,65.19999694824219
80,2885,0.03872169478630627,0.6666666666666666,0.01367408254795055,3,27.0
81,1504,0.22463961326947546,0.5,0.07442071405862777,4,51.400001525878906
82,2511,0.006432050357867647,0.5,0.002682658754624756,2,10.949999809265137
83,2337,0.01195698297379244,0.6666666666666666,0.002946898316837032,3,30.100000381469727
84,2344,-0.25988485770921776,0.2,-0.05157816698053601,6,30.75
85,2374,-0.026079432808255087,0.3333333333333333,-0.00829058507399775,3,25.399999618530273
86,2356,0.6469120985705092,1.0,0.19275027655694607,3,48.400001525878906
87,1587,-0.14771078163426699,0.0,-0.05503953985725888,3,23.399999618530273
88,2892,-0.047972556799616206,0.5,-0.011507518008860185,4,27.5
89,5880,0.038141837885990126,0.75,0.009370637389141068,4,26.950000762939453
90,4127,0.003609611864540563,0.3333333333333333,0.0012021636931465924,3,14.449999809265137
91,2206,0.23815626139870227,1.0,0.11551586069307529,2,45.25
92,2547,0.03125968108558763,0.5,0.020222661628841954,2,8.897068977355957
93,3711,0.12625701464925032,0.6666666666666666,0.04510419552436359,3,122.5
94,5508,0.13764022219655803,0.6,0.02679326431889333,5,83.0999984741211
95,9904,-0.007162859364753582,1.0,0.02317876946711328,2,31.850000381469727
96,2324,0.20346009229959772,0.6666666666666666,0.0033939960658874537,4,33.75
97,5521,0.2714204123643973,0.8,0.058567163613335804,5,7.869999885559082
98,3483,-0.09719507021628815,0.3333333333333333,-0.03458358665579405,3,167.0
99,1618,0.5525128363628926,0.8,0.09515299262795478,5,29.75
100,1304,-0.10038795004902168,0.5,-0.026104064142348504,3,20.75
101,6552,0.012744749661667498,0.6666666666666666,0.002743784757344233,3,38.0
102,1815,0.1863457433920832,0.6666666666666666,0.06423655045188463,3,14.699999809265137
103,2542,-0.044587974448281775,0.0,-0.022425733858925267,2,42.04999923706055
104,6451,0.6104451817964109,0.6666666666666666,0.19059682968718197,3,107.5
105,4303,0.013653071255305571,0.2,-0.0012537151724205664,6,21.350000381469727
106,2313,0.3386597990289584,0.6666666666666666,0.11210213911548624,3,57.20000076293945
107,5608,0.20689720680802592,1.0,0.09444241108448526,2,18.399999618530273
108,2634,0.12518111622590888,0.5,0.035935606463202346,4,52.599998474121094
109,1532,0.004662918151516093,0.5,0.0015266970856586126,5,41.900001525878906
110,2457,0.2237254302630134,0.3333333333333333,0.09142803098435408,3,63.20000076293945
111,2354,-0.07195683870495118,0.0,-0.027275717779498,3,57.0
112,3234,-0.20873074176996653,0.16666666666666666,-0.02427196824334447,6,31.0
113,8069,0.035925241397380736,1.0,0.032911392405063244,2,197.0
114,8112,0.03740217070685792,0.5,0.006083586172165645,4,62.099998474121094
115,3703,-0.021284992211296205,0.2,-0.004645092216355539,5,28.25
116,1608,0.42262754829762406,1.0,0.12861308119174977,3,20.0
117,5230,0.11843002707292194,0.3333333333333333,0.04060867218670231,3,23.5
118,2408,-0.12214427616604462,0.5,-0.019287198446957882,6,70.5999984741211
119,3036,0.19993442297067876,0.3333333333333333,0.07197380534543878,3,87.12710571289062
120,1519,0.08917375167370745,1.0,0.0852713178294573,1,64.5
121,2308,0.021832641474017755,0.3333333333333333,0.013740378938629968,3,372.5
122,6215,-0.06457811455845364,0.3333333333333333,-0.025604950969386014,3,24.850000381469727
123,6415,0.0,0.0,0.0,0,0.0
124,1216,0.006907067407547762,0.6666666666666666,0.0023336568882660704,3,71.9000015258789
125,4533,0.7934527565555713,1.0,0.2842955434085215,3,15.0
126,6290,0.02811592408617991,0.3333333333333333,0.009404474912600769,3,61.5
127,3055,0.24581363287522673,0.6666666666666666,0.08138070339163168,3,38.29999923706055
128,2427,0.6751501924977503,0.8,0.1425963527082515,5,29.930456161499023
129,4938,-0.05235018010700476,0.3333333333333333,-0.02458451411090164,4,85.5
130,3466,-0.14349128055218974,0.0,-0.12685562374420012,2,25.450000762939453
131,2889,-0.06600752712322322,0.0,-0.08759122817312681,2,11.949999809265137
132,1457,0.01016856324352755,0.5,0.006922705355908276,2,17.799999237060547
133,8054,0.10207345072347129,0.75,0.02400505255840965,4,54.099998474121094
134,1102,-0.10977690971195586,0.0,-0.05690048311449797,2,42.25
135,3266,0.2638681218458292,0.75,0.06940481319497618,4,13.850000381469727
136,2506,0.06648990951094347,0.3333333333333333,-0.00791681163034245,4,9.350000381469727
137,2705,0.15325360073850236,0.75,0.03434218717215359,5,18.25
138,3037,-0.13190434561455966,0.25,-0.034907069532440466,4,168.5
139,6230,0.09388354701190638,0.5,0.004818710701063711,3,136.5
140,1725,0.008781058862415536,0.5,-0.0007406338846190352,4,21.600000381469727
141,6442,0.37561246604429566,0.6666666666666666,0.13554248275133432,3,52.33279037475586
142,6275,0.14630503075025847,0.8,0.024967108644892398,6,47.5
143,4960,-0.2768600197704325,0.0,-0.0953636776827883,3,12.550000190734863
144,2605,0.2594647146642868,0.5,0.06110722994342563,4,22.600000381469727
145,1326,-0.0111838068976855,0.0,-0.011379843769975584,1,70.30000305175781
146,6425,-0.03746726768938968,0.5,-0.020501826796591904,2,21.5
147,2897,0.00926237459358914,0.6666666666666666,0.0035629126826548507,3,9.760000228881836
148,3264,-0.14751475981478068,0.3333333333333333,-0.025394847840287504,6,74.4000015258789
149,6257,-0.01616126848475019,0.5,-0.005097548777132449,4,62.0
150,2505,0.1912806311279509,0.6666666666666666,-0.0062167555819188465,4,19.0
151,2412,-0.011495438706913386,0.25,-0.002886438969382177,4,119.5
152,6005,0.13591766345563427,0.6666666666666666,0.044294309535531706,3,15.899999618530273
153,3324,0.308909723964653,0.3333333333333333,0.12562319481817286,3,255.5
154,3706,0.16031814960025104,0.5,0.09103606954857496,3,45.0
155,3211,0.017545156727348576,0.5,-0.005369312375188451,5,87.5
156,0056,0.06715150086945498,0.6666666666666666,0.011437575472042235,6,36.060001373291016
157,2406,-0.04325519094834129,0.0,-0.022836511789340652,2,16.299999237060547
158,2103,0.0,0.0,0.0,0,0.0
159,6120,0.4605516696910015,0.75,0.1214617663417327,4,15.699999809265137
160,2301,0.13476348864573606,0.5,0.07115739708492974,2,86.4000015258789
161,8110,-0.1651198729271398,0.3333333333333333,-0.0259822078686132,7,15.699999809265137
162,6223,0.32939357894568455,0.75,0.07594428136816361,4,217.5
163,6264,-0.02222170650577282,0.5,-0.010638409187709474,2,7.619999885559082
164,6269,-0.19310818571791144,0.0,-0.06401152196949118,4,89.0
165,2241,-0.010587226177501186,0.5,-0.0039953257557942545,4,36.350791931152344
166,2845,0.03683929082848003,0.5,0.008965312056579022,4,12.300000190734863
167,1905,-0.08134678954933316,0.3333333333333333,0.021611695371493433,7,24.799999237060547
168,2383,0.0,0.0,0.0,0,0.0
169,5392,-0.037044121368136396,0.5,-0.009800030195914133,4,24.75
170,2365,0.21921570277949454,0.4,0.04468160888729045,5,12.300000190734863
171,1303,-0.05872866146626854,0.3333333333333333,-0.01959694242340197,3,69.19999694824219
172,6139,0.4081455978599935,1.0,0.09310082168179856,4,100.8083724975586
173,2465,0.25082125124264887,0.3333333333333333,0.12480405585138366,3,37.79999923706055
174,4967,0.49707014657115467,0.6,0.10592050639535067,5,91.9000015258789
175,2329,0.06435140070548728,0.5,0.022870205683307415,4,49.0
176,5522,-0.056742853210041355,0.25,-0.01468923072449524,4,60.900001525878906
177,2442,0.3049295867732358,0.8,0.05348015821058101,5,20.700000762939453
178,2739,1.4491552132832717,0.6666666666666666,0.47721551279665175,4,61.5
179,3081,-0.1680860353031718,0.0,-0.09165829431077671,2,110.5
180,8064,0.08522514922597946,0.5,0.018733556563763576,4,18.350000381469727
181,8088,0.11616586414843022,0.6666666666666666,0.016821274453426793,6,43.95000076293945
182,2534,-0.03636623641856618,0.3333333333333333,-0.012059868335070037,3,20.5
183,1560,0.3120541530998162,1.0,0.13942975258773038,3,189.0
184,3289,0.13915030989289234,0.5,0.040940043956838174,4,94.5
185,6147,-0.1433005707083299,0.0,-0.04248136672860031,5,71.0
186,2345,0.042241611240910304,0.3333333333333333,0.012050169603349333,3,473.0
187,6143,-0.06290923894366585,0.5,-0.0138676028226698,4,103.0
188,2607,-0.1618522582473222,0.3333333333333333,-0.0234069302292574,4,35.0
189,1301,-0.010538161325277406,0.0,-0.010604453527441993,1,94.30000305175781
190,4306,0.13963818133297434,0.6666666666666666,0.04572594473493615,3,17.200000762939453
191,2454,-0.05080632662834983,0.5,-0.007000211858929646,6,996.0
192,1445,0.031392520266560586,0.6,0.004353163986142361,5,20.799999237060547
193,6207,-0.000903384463942114,0.5,-0.00334511269702073,5,31.649999618530273
194,2105,-0.01755100311422153,0.25,0.012383625006210791,5,47.900001525878906
195,4714,-0.11551641015002223,0.14285714285714285,-0.01787336068995996,7,14.25
196,4904,-0.006377696121902088,0.5,-0.0020318976741584283,4,79.5
197,2617,0.2840476331525694,0.6666666666666666,0.09523906818505064,3,29.899999618530273
198,2368,0.3389784534101774,1.0,0.16785160015243383,2,103.5
199,6284,-0.03973400515509551,0.5,-0.016776693948859278,2,54.0
200,6187,0.3468683517230815,1.0,0.13850807105359042,4,148.5
201,3338,0.3445021763920382,0.6,0.06467261228416324,6,67.0999984741211
202,3005,0.4524686758711973,0.75,0.1025245675161009,4,80.80000305175781
203,6213,-0.10435045609115767,0.0,-0.05640627916512131,2,96.4000015258789
204,6116,-0.028641170329457455,0.0,-0.017357855738462935,4,11.699999809265137
205,1522,0.4307118644600352,0.75,0.11168518064774566,4,43.95000076293945
206,5251,-0.047167234763193844,0.5,-0.02345151924810135,2,20.149999618530273
207,2355,0.4980917503408939,1.0,0.11337900910026721,4,42.45000076293945
208,2606,-0.10484205981375949,0.5,-0.026093449333086022,4,47.79999923706055
209,3491,0.11712644610894984,0.3333333333333333,0.043771325318926135,3,169.5
210,2421,0.38159737046992537,1.0,0.17573980139599554,3,106.0
211,3056,0.27318397018449314,0.3333333333333333,0.11493111906238791,3,29.399999618530273
212,1612,-0.06152710676192641,0.6666666666666666,-0.007926991093545796,6,25.5
213,3147,0.5234089121317655,0.75,0.13454921824182325,4,77.80000305175781
214,3702,-0.04597471017676835,0.6,-0.0055047430631909085,5,77.5999984741211
215,1442,-0.08783302939221593,0.3333333333333333,-0.01503561675161976,6,39.70000076293945
216,3189,-0.16425631969490928,0.0,-0.05637067815188501,3,113.5
217,6113,-0.025797927092023776,0.3333333333333333,-0.012261684368023143,4,20.049999237060547
218,1104,0.0007734162240282672,0.5,-1.7674238661502528e-05,4,29.649999618530273
219,8210,0.04896057134847842,0.5,0.029112577990575983,2,101.0
220,4976,0.08910844119408345,0.25,0.02797465639293037,4,43.79999923706055
221,9105,-0.01473588659321845,0.0,-0.01988818280769189,3,3.0999999046325684
222,2548,-0.02249007212638332,0.75,-0.005518645412169648,4,93.4000015258789
223,3188,0.051186004622766346,0.6666666666666666,0.01637046348073412,3,15.199999809265137
224,5876,-0.019376236896060273,0.5,-0.009696712825410958,2,45.04999923706055
225,3045,0.010542111201444548,0.3333333333333333,0.0035880225153317458,3,98.5
226,1536,-0.1571108604449013,0.0,-0.04166950472537326,4,64.0999984741211
227,2201,-0.034418331925947676,0.3333333333333333,-0.01235656243468819,3,83.69999694824219
228,3035,0.06712014219178464,0.5,0.05347563805104405,2,187.5
229,9103,0.11197686612267344,0.3333333333333333,0.04002429928782451,3,6.559999942779541
230,5515,0.009387993222510715,0.6,0.001914176225015618,5,18.0
231,0050,0.07145897526003497,1.0,0.023335361302139052,3,133.14999389648438
232,8028,0.015593925991634006,0.3333333333333333,0.0036181847372716014,3,53.099998474121094
233,2637,-0.0018344199104600722,0.5,0.00031474016634336355,4,46.599998474121094
234,2347,0.015907997073041358,0.6666666666666666,0.004972061359695634,3,67.5
235,6191,0.160256256502745,0.6,0.03053691469718627,5,60.900001525878906
236,2527,0.11191643888645064,0.6,0.022104215524359528,5,25.75
237,9958,0.10692423967326836,0.5,0.05751179751179747,2,129.5
238,1402,0.0,0.0,0.0,0,0.0
239,1455,-0.007939031460703516,0.25,-0.0013890686732650759,4,11.699999809265137
240,1616,-0.0084555005451733,0.3333333333333333,0.010624380491384977,6,11.399999618530273
241,2630,0.5255098494253492,0.6666666666666666,0.1872467899095777,3,38.349998474121094
242,2543,0.0754897103257206,0.5,0.01760340630846091,4,10.300000190734863
243,4532,0.37741810954874255,0.8,0.07228384344789615,5,20.799999237060547
244,4958,-0.11760167171412883,0.25,-0.03413701148430512,5,107.5
245,3548,0.037263511151122586,0.5,0.014754492848875755,2,68.69999694824219
246,2809,-0.00839049465909103,0.5,-0.00453617319850369,2,37.79999923706055
247,5519,-0.09100713279345896,0.42857142857142855,-0.010780752504218187,7,30.799999237060547
248,2455,0.15794327552177467,0.5,0.04013009591729086,4,167.5
249,6176,-0.04358802938502726,0.4,-0.008996248896481606,5,136.0
250,8086,0.2174651210496441,1.0,0.04991604354097401,4,110.0
251,2812,0.15767175243609888,1.0,0.03779025885088311,4,15.050000190734863
252,1217,0.10119117490649243,1.0,0.04920155497209855,2,11.699999809265137
253,1409,-0.024347813646436456,0.5,-0.011988291672185514,2,15.600000381469727
254,5871,0.03920304891306836,1.0,0.037634408602150504,1,186.0
255,1319,-0.03575412966964009,0.5,-0.010489332711428045,4,82.4000015258789
256,3708,-0.15863983764382805,0.3333333333333333,-0.027220034040631447,6,100.0
257,2031,0.017431545570351314,0.0,-0.03406770883023406,4,51.79999923706055
258,6509,-0.15321733936113413,0.2,-0.032139343282549596,5,40.04999923706055
259,3583,0.30648807765818886,1.0,0.09669858955853365,3,207.0
260,2540,-0.06766950624716572,0.4,-0.013583697276494111,5,90.19999694824219
261,2027,-0.06086868425146408,0.6,-0.012293601392737875,6,39.54999923706055
262,6282,-0.031224539181592292,0.5,-0.01126021492719001,4,40.70000076293945
263,1718,-0.11988918091796841,0.25,-0.03051398201449604,4,8.399999618530273
264,3512,0.19657060795997539,0.6666666666666666,0.06485315273289345,3,35.20000076293945
265,3006,-0.0927597918199683,0.3333333333333333,-0.006857112682195687,4,106.5
266,3030,-0.12974360389056216,0.0,-0.033896472515980464,4,62.0
267,5388,0.217575750282349,0.5714285714285714,0.03014697410301129,7,136.5
268,2385,0.020380321280453417,0.4,0.007824062547108702,5,136.0
269,1603,0.13544159378860887,0.5,0.03460843356057111,4,39.75
270,1453,-0.05099724345482759,0.6666666666666666,-0.01707329530506237,3,14.899999618530273
271,6188,-0.012889400492519076,0.5,0.0023781894748549637,3,83.0999984741211
272,4402,-0.19104329627272632,0.25,-0.0421868241151373,5,12.850000381469727
273,5534,0.06542344861042326,0.6666666666666666,0.02130141029251964,3,75.30000305175781
274,4968,-0.0004353125247150702,0.3333333333333333,0.0034440255023944952,3,180.5
275,2352,0.11066850879768775,0.6,0.019035437761956774,6,48.0
276,8401,-0.004893701409560358,0.5,-0.0021629876242698076,2,21.0
277,3707,-0.11106715623435193,0.3333333333333333,-0.03798025359274811,3,73.5
278,3105,0.03472548821828325,1.0,0.03342618384401108,1,179.5
279,1722,0.07491798214957313,0.6666666666666666,0.0063935325667126746,4,64.0999984741211
280,2536,0.0739612972590653,0.8,0.014042210471128969,5,29.450000762939453
281,3034,0.05096466076500028,0.5,0.02807568881845124,2,452.0
282,2509,0.06923136380483941,0.6,0.013387889325578817,5,15.949999809265137
283,6449,0.3233862738282991,1.0,0.07633523856871788,4,68.5999984741211
284,8234,0.12188763522455437,0.75,0.02749507105670801,4,45.25
285,2104,-0.08057201355396448,0.0,-0.040453574384359425,2,22.399999618530273
286,6197,0.3316054057951501,1.0,0.07288759407035172,4,74.5
287,6668,0.05174164401123482,0.25,0.008951035166539362,4,43.650001525878906
288,2014,-0.19972583004733702,0.25,-0.05235808589995705,5,26.0
289,2376,0.33273221860380353,0.6666666666666666,0.13788436924123712,3,258.5
290,6526,0.0,0.0,0.0,0,0.0
291,2464,-0.0666576420141951,0.0,-0.036576257548006086,2,38.70000076293945
292,1795,-0.2084875369984085,0.3333333333333333,-0.0676981587586873,3,267.5
293,2489,0.2938610614633168,0.75,0.07128600434910634,4,12.300000190734863
294,4979,0.0,0.0,0.0,0,0.0
295,2903,0.08348424864237569,0.75,0.020165395587818657,5,24.700000762939453
296,3207,-0.10922218340623224,0.3333333333333333,-0.04044280503658763,3,75.80000305175781
297,3024,-0.039952939800356635,0.42857142857142855,-0.00995747348167299,8,18.350000381469727
298,2633,0.028948158700648374,0.25,0.006983617346756316,4,30.549999237060547
299,5864,0.10289736214928902,1.0,0.03043546361641451,3,16.950000762939453
300,1514,0.24076632067795156,0.5,0.05849536436359826,6,60.599998474121094
301,2851,0.11875834073202629,1.0,0.056336291273485495,2,22.399999618530273
302,1808,0.07923353206756656,0.5,0.014800843519378243,5,99.80000305175781
303,3260,0.2166064052437946,0.6666666666666666,0.06978036512586294,3,81.91615295410156
304,3265,0.45917109463425465,1.0,0.07301017547776509,5,89.4000015258789
305,8358,-0.1302667066009241,0.5,-0.0643395743030909,2,67.5
306,9934,0.10007817278624542,0.6666666666666666,0.022759836324256304,4,15.0
307,2915,-0.030879256290610835,0.0,-0.016337901379091746,2,62.29999923706055
308,2492,-0.09104083854152267,0.25,-0.024615782280432014,4,111.0
309,2905,0.057710294655139105,1.0,0.02852858182657203,2,12.949999809265137
310,1903,0.10872631156430335,1.0,0.05084967232589632,3,58.70000076293945
311,1582,0.11221162781104699,0.5,0.06212395170913687,2,67.80000305175781
312,5443,0.056605206634363414,0.5,0.013335031854793261,4,30.149999618530273
313,4155,-0.09734414216251919,0.5,-0.025501614260585337,4,26.049999237060547
314,2855,0.1325392454067753,1.0,0.04234577500738849,3,19.0
315,3576,-0.13817610056222007,0.0,-0.04704983396098009,3,15.399999618530273
316,2743,0.655935455082229,0.5,0.4357461670967651,2,67.0
317,2393,0.2379222795658067,0.25,0.04393676083425241,5,46.95000076293945
318,3062,-0.21815240760711962,0.0,-0.0402525513436077,6,23.450000762939453
319,3450,0.3054433403779997,0.5,0.08931405833857906,4,62.70000076293945
320,8070,-0.05530930255725974,0.6,-0.010344674680921285,5,32.650001525878906
321,6189,0.05506359618743728,0.4,0.010112093169660908,5,52.79999923706055
322,2204,0.11888121666820028,0.6666666666666666,0.03438056275667049,3,111.5
323,1712,-0.13680221705842432,0.0,-0.029001814168251427,5,37.849998474121094
324,2402,0.2829528944049613,0.25,0.08216533181168442,4,37.25
325,9921,-0.03979448304826949,0.0,-0.040431266846361225,1,185.5
326,6239,0.23303270006092935,0.5,0.06368412699591622,4,112.0
327,3052,0.015363686813023802,0.5,0.001870597901086235,6,11.899999618530273
328,3287,0.25399932779676826,0.5,0.08043287457491838,4,26.0
329,2423,0.2287150899226582,0.75,0.053926976009158856,4,36.650001525878906
330,3059,-0.19118749476103358,0.0,-0.04175138108442091,5,39.25
331,6548,-0.26275396267434914,0.0,-0.0903898704398081,3,45.5
332,1524,-0.022634216476504654,0.4,-0.0013052331481701262,5,36.5
333,4994,-0.09486710739661397,0.25,-0.02019858950756523,4,64.5
334,2545,-0.07319533582033,0.5,-0.06490202695407105,3,40.25
335,1459,-0.10120853459152312,0.0,-0.026582869363225375,4,10.0
336,2328,-0.013342180518180036,0.5,-0.007808130009207048,2,43.20000076293945
337,2010,-0.12657415652143378,0.0,-0.055732254447509545,4,18.049999237060547
338,3691,-0.07776792568457003,0.3333333333333333,-0.020796829406459365,4,92.4000015258789
339,2731,-0.01700304775732364,0.3333333333333333,0.0034319753248717535,3,133.0
340,6805,0.0,0.0,0.0,0,0.0
341,8255,0.06443894540250628,0.5,0.014054029231333698,4,175.5
342,6505,-0.028936515082309433,0.0,-0.015155693987750352,2,83.0
343,1717,-0.10739675813652394,0.0,-0.05447674929873364,2,34.099998474121094
344,8150,-0.015247699625539624,0.5,-0.004663993414422807,4,39.95000076293945
345,4513,-0.05345783076862731,0.3333333333333333,-0.018133309874414787,3,19.649999618530273
346,6456,0.06575934387967974,1.0,0.06525291785450715,1,61.29999923706055
347,2379,0.01739305763961685,0.5,0.005841324033447615,2,449.0
348,8906,-0.19150718439829129,0.0,-0.09712995556481308,2,18.338279724121094
349,2461,-0.12327487895708855,0.4,-0.024633193907151928,5,24.950000762939453
350,3060,0.0353967073101662,0.4,0.008376627587499375,5,20.850000381469727
351,9946,0.29597876693194913,1.0,0.14493324269228702,2,15.100000381469727
352,2351,-0.22288524582554714,0.2,-0.044934192486853444,5,122.0
353,6605,-0.08203507581017644,0.25,-0.022109763160170826,4,130.0
354,9933,0.01350927787402667,0.5,0.007043061218130975,2,41.54999923706055
355,5533,0.15388156018416788,0.4,0.03056738139358959,5,20.100000381469727
356,2108,-0.16747148651761712,0.0,-0.059257289344298116,3,38.0
357,2467,0.13400978390987595,0.75,0.03884682079858079,4,47.0
358,8068,0.2760694577597147,0.5,0.09801484687734854,4,32.0
359,3666,0.2766972191047823,0.75,0.05663327435458604,4,28.850000381469727
360,4909,0.34734714150192203,0.5,0.08889753442507303,4,27.0
361,3044,0.4015238573804354,1.0,0.101285800295208,4,129.0
362,3305,-0.11118693936833457,0.25,-0.012500103421583086,5,75.5
363,2377,0.24631836772030713,0.6,0.03777799488854976,6,193.0
364,8271,0.06266968259732342,0.6,0.012161114065005151,5,60.29999923706055
365,9914,0.09474949651502129,1.0,0.09485094850948506,1,184.5
366,2474,-0.02331503811419311,0.3333333333333333,-0.008334047272277304,3,194.0
367,5469,-0.07459532034822258,0.42857142857142855,-0.011134700373711337,7,59.099998474121094
368,6288,-0.16905664667545572,0.2,-0.03423549781026445,5,32.400001525878906
369,2453,-0.027573776532392236,0.0,-0.034482718036263016,1,55.099998474121094
370,2538,0.09894570047647155,1.0,0.09541984454963504,1,13.100000381469727
371,2357,0.14136362365189514,0.5,0.011957970603477669,5,450.0
372,2439,0.13758712256618044,0.75,0.033424150940074615,4,98.69999694824219
373,2481,0.0929166909209378,0.6,0.01718038352763751,5,65.9000015258789
374,2498,-0.04650803429058903,0.0,-0.024984367494660653,2,52.0
375,2392,0.11256656461164805,0.6666666666666666,0.038259924831427594,3,42.650001525878906
376,5213,0.23159683916953178,0.6666666666666666,0.07884289579795423,3,27.75
377,1516,-0.05469740872564777,0.25,-0.01510790057260733,4,18.950000762939453
378,3679,0.02818332278169744,0.5,0.006842265384149171,4,108.0
379,2388,0.4624616005173414,1.0,0.2605452244005195,2,95.5
380,2516,0.7032944187731767,0.8,0.1207121582681919,5,10.800000190734863
381,6443,-0.10959280744632394,0.0,-0.043945221149443214,3,30.100000381469727
382,2362,0.005477756650979382,0.6,-0.015162853885100747,6,37.5
383,3714,-0.01954249711610645,0.5,-0.01166446407360655,3,46.099998474121094
384,6117,0.0809901818058063,1.0,0.07395501981342689,1,15.550000190734863
385,9938,-0.03959875327332629,0.3333333333333333,-0.014676300560670227,3,64.0
386,5529,-0.08367797286282042,0.3333333333333333,-0.028424768249030175,3,18.90419578552246
387,3596,0.07085190662473884,0.5,0.015256135294840434,4,171.5
388,5483,-0.03198037567119805,0.4,-0.005427509379188189,6,197.5
389,2360,-0.05575495480688519,0.3333333333333333,-0.019826392786320923,3,295.0
390,6462,0.6225106076376208,0.5,0.1582109087422338,4,94.19999694824219
391,1909,-0.0982127542934933,0.0,-0.05012408616403907,2,17.399999618530273
392,5324,0.07106879719701031,0.6,0.010567769746858047,5,12.300000190734863
393,6026,0.021860317730736822,0.5,0.004466172730354656,4,12.449999809265137
394,2641,0.14966259412710148,0.6,0.03650430708047987,5,17.75
395,4760,0.23274981342581702,1.0,0.06631427000405814,3,74.5999984741211
396,3050,0.042075499122522064,0.3333333333333333,0.011782069121383318,3,16.399999618530273
397,5439,0.07898118159160172,0.6,0.025996954525666017,5,146.0
398,8926,0.19405237781092266,1.0,0.09943678919117405,2,50.5736198425293
399,2066,0.12726617964439257,0.6666666666666666,0.0395757344724211,3,82.5
400,1907,-0.010317286633836242,0.2,-0.003560017031242624,5,32.75
401,8299,0.04019500707938062,1.0,0.01665854869825989,2,415.5
402,2327,0.07043401853157394,0.4,0.0143575639263126,5,575.0
403,2524,-0.10113666405463173,0.0,-0.020880814257512315,5,31.799999237060547
404,3217,0.22345773397448476,1.0,0.10430163254729208,2,113.5
405,5425,0.09660985553133261,0.5,0.0033459180463751848,3,84.5999984741211
406,6806,-0.12408196413895078,0.25,-0.028350984743858026,4,110.5
407,2017,-0.03913202007218841,0.5,-0.008328079598107718,2,13.949999809265137
408,3563,0.03304818458528325,0.4,0.005484401949675121,5,215.0
409,3042,-0.03451113836459685,0.5,-0.00757985431493291,4,103.0
410,6126,0.041309257033008695,0.5,0.008876353459536024,4,29.549999237060547
411,6285,0.2994252044488577,1.0,0.052086046420387166,5,149.5
412,2514,-0.05496666929480032,0.3333333333333333,-0.017150257437540062,3,15.899999618530273
413,8039,0.15044311398120636,0.6666666666666666,0.00559318390436118,4,43.20000076293945
414,6219,0.09055432159833754,0.25,0.028488557418217042,4,24.321773529052734
415,5706,0.41622935903600977,0.5,0.17411173889106263,4,82.5999984741211
416,2006,-0.007035979027743111,0.5,0.002300987933398141,5,72.0
417,1785,0.007396556335694804,0.5,0.0019120961493588329,2,38.04999923706055
418,6015,-0.07885549773244915,0.2,-0.011226583536979695,5,11.25
419,1218,-0.09929769702641644,0.0,-0.050873536294102184,3,22.5
420,3413,-0.019756734746920857,0.75,-0.004127420314734925,5,210.5
421,6016,0.18462494839270893,0.75,0.048690619007036556,4,13.75
422,8033,-0.041977141397466444,0.0,-0.04251700735438613,1,58.79999923706055
423,2102,0.07103846827129034,1.0,0.03300182400205498,2,18.200000762939453
424,1313,0.015359790970560061,0.6666666666666666,0.0047989631364455665,3,15.550000190734863
425,6202,-0.09560067211628043,0.3333333333333333,-0.03318738395339919,3,68.9000015258789
426,3552,-0.0865706914748775,0.0,-0.022531673219746612,4,150.0
427,6538,0.49943206762195547,1.0,0.2362646219068555,2,114.0
428,2836,-0.06177020863379801,0.0,-0.03092640472134467,2,12.103692054748535
429,2404,-0.1780827642220958,0.2,-0.03768205642010443,5,254.0
430,3443,-0.1718675233284339,0.0,-0.09115466767181807,2,1895.0
431,2458,0.06752070093690077,0.75,0.011826176462878812,4,157.5
432,2838,-0.01080035875892904,0.6666666666666666,-0.0034516012718179465,3,13.949999809265137
433,8473,-0.026048869399469043,0.3333333333333333,-0.00974662980326054,3,29.75
434,4716,-0.04253179568243537,0.0,-0.01539264116079564,3,13.600000381469727
435,4966,0.019380843486935362,0.3333333333333333,0.0018552875695732791,3,1200.0
436,3284,0.0864909184659588,0.2,0.021784514240611785,5,17.950000762939453
437,8089,0.6029533801736042,0.5,0.4270317741360529,2,19.700000762939453
438,1312,-0.06686378771275925,0.5,-0.032857398432588114,2,16.399791717529297
439,4739,-0.12655552657735458,0.0,-0.04484669378860299,3,84.0
440,3532,0.046929854764550916,0.6,0.0010496207372143519,6,164.0
441,6150,-0.075376565652717,0.5,-0.02371786951140875,4,90.69999694824219
442,5511,0.611463774966347,1.0,0.22255933762491628,4,74.4000015258789
443,2020,0.07581461385780286,0.8,0.01448407821910298,6,32.150001525878906
444,2530,0.3534020531988362,1.0,0.05220594593201311,6,31.200000762939453
445,6168,-0.10778434677330861,0.2,-0.022154368634489607,5,27.950000762939453
446,8011,0.19641052265333703,0.5714285714285714,0.03493292709440521,7,23.75
447,3003,-0.08913042303462904,0.0,-0.01956028839465549,5,73.0
448,6283,-0.09776955972848778,0.3333333333333333,-0.03195863852446268,3,33.650001525878906
449,9902,-0.1806273125260981,0.4,-0.03712068453764554,5,12.649999618530273
450,4157,-0.09267768012648792,0.0,-0.026567414893741176,4,16.200000762939453
451,6491,-0.19645588194446895,0.0,-0.06876335525459694,3,414.0
452,3306,0.7074857213222698,1.0,0.15433519354971081,4,43.70000076293945
453,2332,0.10896098627751805,0.6666666666666666,0.01718502441953179,6,20.399999618530273
454,2231,-0.05723089946164328,0.0,-0.030173979365058112,2,139.5
455,2405,-0.15264971860770604,0.16666666666666666,-0.01866802938795618,7,19.149999618530273
456,4129,0.06099779147694617,0.4,0.02548146447533255,5,71.80000305175781
457,1515,0.14294137315189936,0.4,0.03892065029078975,5,45.900001525878906
458,1789,-0.02302135051088483,0.3333333333333333,-0.008160579557890771,3,33.25
459,8050,0.13824908860899177,0.6666666666666666,0.05347784779771644,3,85.30000305175781
460,2312,0.2562586903020796,1.0,0.15925923100224249,2,15.050000190734863
461,2497,-0.1584704548227035,0.0,-0.0552209219328077,3,74.80000305175781
462,3701,-0.13605555584015894,0.4,-0.027138529452177585,5,75.5999984741211
463,6217,-0.006801600208045988,0.5,-0.005393328122913266,2,49.099998474121094
464,1446,-0.047645197467368616,0.25,-0.01152213733156307,4,39.04999923706055
465,1802,-0.20034449084254324,0.0,-0.1043221468815353,2,21.600000381469727
466,6488,0.03263764075839615,0.5,0.008197077389454882,4,580.0
467,4908,0.7732258395398308,1.0,0.16554275840251326,4,62.20000076293945
468,5243,0.11403292203694293,0.6666666666666666,0.04003459050658124,3,77.80000305175781
469,1210,0.15811390461547492,0.75,0.0143080583966321,5,53.599998474121094
470,3027,0.09949211575719663,1.0,0.10031679309548625,1,47.349998474121094
471,8454,-0.07697684235102331,0.0,-0.07499999999999996,1,540.0
472,2645,0.004692028793137348,0.6666666666666666,0.007824132602893608,4,112.0
473,4906,-0.04268237507684003,0.3333333333333333,-0.006022898697744102,6,35.70000076293945
474,3041,0.24707141836511282,1.0,0.2407862175271558,1,20.350000381469727
475,1810,0.12439601212003537,0.3333333333333333,0.059872251610994555,3,21.649999618530273
476,1416,0.11104030749786498,1.0,0.055977854922249604,2,10.699999809265137
477,3294,0.04541957891857118,0.5,0.018813601523188506,2,18.549999237060547
478,3479,0.07942055197611397,0.6666666666666666,0.02746128884963776,3,100.5
479,1447,0.02688944849711472,0.4,0.005383238687125913,5,7.710000038146973
480,1413,0.0017140353236717587,0.5,0.0005203943723824378,2,8.350000381469727
481,4919,-0.033601960577064216,0.4,-0.005220001807222885,5,138.0
482,1477,0.13671986124725954,0.5,0.07925791502624674,2,384.0
483,2816,0.5090651905556853,0.6,0.11476318310471637,5,39.95000076293945
484,5351,-0.08776835740587008,0.4,-0.018751916126451197,5,47.95000076293945
485,3032,0.45758593149636706,0.6666666666666666,0.18700806020963556,3,72.0
486,3406,-0.07424923165475195,0.25,-0.020588500366077372,4,415.0
487,6472,0.0,0.0,0.0,0,0.0
488,2636,-0.010703854314530359,0.3333333333333333,-0.0233742066920312,4,81.4000015258789
489,2208,0.01840493135717658,0.75,0.006830451123077591,4,20.475627899169922
490,2472,0.3341973666037965,1.0,0.16376929041648647,2,61.599998474121094
491,2601,0.020437357174100113,0.25,0.0041316451741682525,4,8.289999961853027
492,4763,0.0,0.0,0.0,0,0.0
493,1809,-0.13497934285564894,0.0,-0.03075687765194899,5,15.649999618530273
494,6244,0.17681842958455607,0.5,0.09452423399766907,2,28.899999618530273
495,6180,0.13200616441402446,0.6666666666666666,0.0431592331109996,3,74.4000015258789
496,8163,0.14200870997523318,0.6666666666666666,0.049293623461351355,3,44.25
497,2059,0.011657378164970256,0.25,0.027288885289923626,5,904.0
498,9919,0.17939690166865008,0.25,0.0426844839288531,4,21.549999237060547
499,7402,0.7965771380591344,0.5,0.22195681646600166,5,77.19999694824219
